BOTTLE,20131011PRINUNIVRMK
# 10/11/2013 Initialized README file  
# Data source: Triona McGrath via CDIAC 
# SHIP: Celtic Explorer 
# Cruise: CE11001 
# Region: Rockall Trough west of Ireland 
# EXPOCODE: 45CE20110103 
# DATES: 1/3 - 1/10/2011 
# Chief Scientist: Glenn Nolan 
# 45 stations with 24 place Rosette 
# Hydro: Who - T.McGrath ; Status - final  
# 	Notes: 	 
# Nuts: Who - T.McGrath; Status - final 
# 	Notes: Nutrients converted from umol/l to umol/kg using temperature during analysis. 
# O2: Who - T.McGrath ; Status - final 
# 	Notes: CTDOXY calibrated with discrete samples. A different oxygen sensor was used on the northern and southern transect. The southern transect data were corrected for an offset of 71.1umol/kg and the northern transect corrected for an offset of 19.2umol/kg. 
# TCO2: Who - T.McGrath ; Status - final 
# 	Notes:  
# TA: Who - T.McGrath ; Status - final 
# 	Notes:  
# References: 
EXPOCODE,SECT_ID,STNNBR,CASTNO,BTLNBR,BTLNBR_FLAG_W,DATE,TIME,LATITUDE,LONGITUDE,DEPTH,CTDPRS,CTDTMP,CTDSAL,CTDSAL_FLAG_W,SALNTY,SALNTY_FLAG_W,CTDOXY,CTDOXY_FLAG_W,OXYGEN,OXYGEN_FLAG_W,SILCAT,SILCAT_FLAG_W,NITRAT,NITRAT_FLAG_W,NITRIT,NITRIT_FLAG_W,PHSPHT,PHSPHT_FLAG_W,TCARBN,TCARBN_FLAG_W,ALKALI,ALKALI_FLAG_W
,,,,,,,,,,METERS,DBAR,ITS-90,PSS-78,,PSS-78,,UMOL/KG,,UMOL/KG,,UMOL/KG,,UMOL/KG,,UMOL/KG,,UMOL/KG,,UMOL/KG,,UMOL/KG,
  45CE20110103, AR07E,     1,  1,      7,2,20110103,1933, 53.0000,  -9.5030,   53,      3.6,   8.3817,  34.5720,2,  34.6170,2,    212.9,2,    281.7,3,     4.45,2,     6.62,3,     0.12,2,     0.44,2,   -999.0,9,   -999.0,9
  45CE20110103, AR07E,     1,  1,      4,2,20110103,1933, 53.0000,  -9.5030,   53,     16.3,   8.6200,  34.7366,2,  34.7810,2,    237.6,2,   -999.0,9,     4.00,2,  -999.00,9,     0.08,2,     0.40,2,   -999.0,9,   -999.0,9
  45CE20110103, AR07E,     1,  1,      1,2,20110103,1933, 53.0000,  -9.5030,   53,     51.0,   8.6795,  34.8685,2,  34.8720,2,    257.7,2,    275.9,2,     4.43,2,     6.73,2,     0.11,2,     0.41,2,   -999.0,9,   -999.0,9
  45CE20110103, AR07E,     2,  1,      4,2,20110103,2132, 53.0000, -10.0008,   95,      3.7,   9.5335,  35.1191,2,  35.1200,2,    260.3,2,    266.9,2,     4.10,2,     7.32,2,     0.04,2,     0.50,2,   -999.0,9,   -999.0,9
  45CE20110103, AR07E,     2,  1,      1,2,20110103,2132, 53.0000, -10.0008,   95,     96.1,   9.6666,  35.1566,2,  35.1600,2,    258.7,2,   -999.0,9,     4.36,2,     7.70,2,     0.05,2,     0.51,2,   -999.0,9,   -999.0,9
  45CE20110103, AR07E,     3,  1,      4,2,20110103,2341, 52.9980, -10.5000,  102,      2.6,   9.4158,  35.0624,2,  35.0640,2,    258.3,2,    266.0,2,     4.63,2,     7.80,2,     0.04,2,     0.56,2,   -999.0,9,   -999.0,9
  45CE20110103, AR07E,     3,  1,      3,2,20110103,2341, 52.9980, -10.5000,  102,     98.0,   9.4125,  35.1529,2,  35.1490,2,    259.9,2,    262.4,2,     4.77,2,     8.50,2,     0.04,2,     0.62,2,   -999.0,9,   -999.0,9
  45CE20110103, AR07E,     4,  1,      4,2,20110104,0145, 53.0000, -11.0000,  135,      4.8,   9.2928,  35.1852,2,-999.0000,9,    257.6,2,   -999.0,9,  -999.00,9,  -999.00,9,  -999.00,9,  -999.00,9,   -999.0,9,   -999.0,9
  45CE20110103, AR07E,     4,  1,      1,2,20110104,0145, 53.0000, -11.0000,  135,    131.9,   9.3420,  35.1995,2,-999.0000,9,    261.8,2,   -999.0,9,     4.09,2,     7.89,2,     0.01,2,     0.58,2,   -999.0,9,   -999.0,9
  45CE20110103, AR07E,     5,  1,      4,2,20110104,0355, 53.0000, -11.5010,  139,      2.3,   9.6904,  35.2992,2,  35.3010,2,    248.9,2,    264.5,2,     3.80,2,     8.28,2,     0.04,2,     0.55,2,   -999.0,9,   -999.0,9
  45CE20110103, AR07E,     5,  1,      1,2,20110104,0355, 53.0000, -11.5010,  139,    134.9,   9.7362,  35.3060,2,-999.0000,9,    258.7,2,    263.7,2,     3.67,2,     7.95,2,     0.04,2,     0.50,2,   -999.0,9,   -999.0,9
  45CE20110103, AR07E,     6,  1,      7,2,20110104,0602, 53.0000, -11.9990,  218,      3.2,  10.9082,  35.5382,2,  35.5390,2,    256.7,2,    265.4,2,     2.83,2,     8.50,2,     0.04,2,     0.47,2,   -999.0,9,   -999.0,9
  45CE20110103, AR07E,     6,  1,      4,2,20110104,0602, 53.0000, -11.9990,  218,    164.6,  10.5766,  35.4697,2,  35.4650,2,    252.3,2,    255.1,2,     3.23,2,     8.50,2,     0.04,2,     0.49,2,   -999.0,9,   -999.0,9
  45CE20110103, AR07E,     6,  1,      1,2,20110104,0602, 53.0000, -11.9990,  218,    210.8,  10.2940,  35.4140,2,  35.4180,2,    254.5,2,    256.2,2,     3.42,2,     8.55,2,     0.04,2,     0.53,2,   -999.0,9,   -999.0,9
  45CE20110103, AR07E,     7,  1,      7,2,20110104,0825, 52.9990, -12.2270,  282,      3.3,  10.9644,  35.5459,2,  35.5490,2,    255.8,2,    254.6,2,  -999.00,9,  -999.00,9,  -999.00,9,  -999.00,9,   -999.0,9,   -999.0,9
  45CE20110103, AR07E,     7,  1,      4,2,20110104,0825, 52.9990, -12.2270,  282,    232.9,  10.8855,  35.5323,2,-999.0000,9,    249.9,2,   -999.0,9,  -999.00,9,  -999.00,9,  -999.00,9,  -999.00,9,   -999.0,9,   -999.0,9
  45CE20110103, AR07E,     7,  1,      1,2,20110104,0825, 52.9990, -12.2270,  282,    276.8,  10.7117,  35.5016,2,  35.5120,2,    250.9,2,   -999.0,9,     3.20,2,     9.17,2,     0.04,2,     0.58,2,   -999.0,9,   -999.0,9
  45CE20110103, AR07E,     8,  1,      7,2,20110104,1508, 53.0000, -12.9990,  370,      2.9,  10.7680,  35.5314,2,  35.5070,2,    257.6,2,    256.9,2,  -999.00,9,  -999.00,9,  -999.00,9,  -999.00,9,   -999.0,9,   -999.0,9
  45CE20110103, AR07E,     8,  1,      4,2,20110104,1508, 53.0000, -12.9990,  370,    246.9,  10.7625,  35.5254,2,-999.0000,9,    252.7,2,   -999.0,9,  -999.00,9,  -999.00,9,  -999.00,9,  -999.00,9,   -999.0,9,   -999.0,9
  45CE20110103, AR07E,     8,  1,      1,2,20110104,1508, 53.0000, -12.9990,  370,    357.2,  10.6196,  35.5054,2,-999.0000,9,    249.2,2,   -999.0,9,  -999.00,9,  -999.00,9,  -999.00,9,  -999.00,9,   -999.0,9,   -999.0,9
  45CE20110103, AR07E,     9,  1,      4,2,20110104,1508, 53.0000, -12.9990,  370,      1.1,  10.9118,  35.5452,2,  35.5510,2,    264.0,2,    258.3,2,  -999.00,9,  -999.00,9,  -999.00,9,  -999.00,9,   -999.0,9,   -999.0,9
  45CE20110103, AR07E,     9,  1,      1,2,20110104,1508, 53.0000, -12.9990,  370,    365.2,  10.5209,  35.4952,2,  35.5000,2,    252.5,2,    243.5,2,  -999.00,9,  -999.00,9,  -999.00,9,  -999.00,9,   -999.0,9,   -999.0,9
  45CE20110103, AR07E,    10,  1,      4,2,20110104,2209, 52.9990, -13.7484,  191,      4.7,  10.3606,  35.4940,2,-999.0000,9,    268.7,2,    261.0,2,  -999.00,9,  -999.00,9,  -999.00,9,  -999.00,9,   2135.4,2,   2331.1,2
  45CE20110103, AR07E,    10,  1,      1,2,20110104,2209, 52.9990, -13.7484,  191,    187.4,  10.3171,  35.4820,2,  35.4890,2,    263.2,2,    260.8,2,  -999.00,9,  -999.00,9,  -999.00,9,  -999.00,9,   -999.0,9,   -999.0,9
  45CE20110103, AR07E,    11,  1,      4,2,20110105,0235, 53.0000, -14.2507,  226,      1.1,  10.6014,  35.5091,2,  35.5120,2,    255.4,2,   -999.0,9,  -999.00,9,  -999.00,9,  -999.00,9,  -999.00,9,   -999.0,9,   -999.0,9
  45CE20110103, AR07E,    11,  1,      1,2,20110105,0235, 53.0000, -14.2507,  226,    221.4,  10.5201,  35.5152,2,  35.5200,2,    235.4,2,   -999.0,9,  -999.00,9,  -999.00,9,  -999.00,9,  -999.00,9,   -999.0,9,   -999.0,9
  45CE20110103, AR07E,    12,  1,      7,2,20110105,0650, 52.9980, -14.7100,  500,      4.3,  11.0641,  35.5349,2,  35.5350,2,    261.2,2,    256.2,2,  -999.00,9,  -999.00,9,  -999.00,9,  -999.00,9,   -999.0,9,   -999.0,9
  45CE20110103, AR07E,    12,  1,      4,2,20110105,0650, 52.9980, -14.7100,  500,    198.4,  10.8485,  35.5110,2,  35.5130,2,    252.6,2,    252.2,2,  -999.00,9,  -999.00,9,  -999.00,9,  -999.00,9,   -999.0,9,   -999.0,9
  45CE20110103, AR07E,    12,  1,      1,2,20110105,0650, 52.9980, -14.7100,  500,    491.6,  10.5362,  35.5092,2,  35.5100,2,    242.6,2,    238.3,2,  -999.00,9,  -999.00,9,  -999.00,9,  -999.00,9,   -999.0,9,   -999.0,9
  45CE20110103, AR07E,    13,  1,     15,2,20110105,0750, 53.0000, -14.8178,  750,      4.0,  11.5745,  35.5666,2,  35.5690,2,    265.6,2,    254.2,2,  -999.00,9,  -999.00,9,  -999.00,9,  -999.00,9,   -999.0,9,   -999.0,9
  45CE20110103, AR07E,    13,  1,     13,2,20110105,0750, 53.0000, -14.8178,  750,    191.9,  11.3620,  35.5352,2,  35.5360,2,    256.1,2,    253.2,2,     2.93,2,     8.91,2,     0.04,2,     0.53,2,   -999.0,9,   -999.0,9
  45CE20110103, AR07E,    13,  1,     11,2,20110105,0750, 53.0000, -14.8178,  750,    248.9,  11.3416,  35.5385,2,  35.5430,2,    255.7,2,   -999.0,9,     2.99,2,     8.74,2,     0.04,2,     0.46,2,   -999.0,9,   -999.0,9
  45CE20110103, AR07E,    13,  1,      9,2,20110105,0750, 53.0000, -14.8178,  750,    372.5,  10.9207,  35.4865,2,  35.4880,2,    248.0,2,    241.7,2,     4.06,2,    11.80,2,     0.01,2,     0.69,2,   -999.0,9,   -999.0,9
  45CE20110103, AR07E,    13,  1,      7,2,20110105,0750, 53.0000, -14.8178,  750,    460.7,  10.9207,  35.5188,2,  35.5220,2,    249.3,2,   -999.0,9,     3.74,2,    10.43,2,     0.01,2,     0.65,2,   -999.0,9,   -999.0,9
  45CE20110103, AR07E,    13,  1,      4,2,20110105,0750, 53.0000, -14.8178,  750,    695.3,   9.8699,  35.4071,2,  35.4080,2,    221.1,2,    203.6,2,     7.05,2,  -999.00,9,     0.04,2,     0.97,2,   -999.0,9,   -999.0,9
  45CE20110103, AR07E,    13,  1,      1,2,20110105,0750, 53.0000, -14.8178,  750,    743.0,   9.8191,  35.4370,2,  35.4390,2,    222.4,2,    208.5,2,     7.15,2,    16.23,2,     0.04,2,     0.96,2,   -999.0,9,   -999.0,9
  45CE20110103, AR07E,    14,  1,     15,2,20110105,1112, 52.9990, -14.9074, 1005,      2.5,  11.5897,  35.5701,2,  35.5710,2,    259.5,2,    256.4,2,     2.66,2,     8.34,2,     0.01,2,     0.46,2,   2124.2,2,   2336.3,2
  45CE20110103, AR07E,    14,  1,     13,2,20110105,1112, 52.9990, -14.9074, 1005,    202.1,  11.6121,  35.5691,2,  35.5700,2,    252.8,2,    257.7,2,  -999.00,9,  -999.00,9,  -999.00,9,  -999.00,9,   -999.0,9,   -999.0,9
  45CE20110103, AR07E,    14,  1,     11,2,20110105,1112, 52.9990, -14.9074, 1005,    500.6,  10.9624,  35.5200,2,  35.5210,2,    242.7,2,    243.9,2,  -999.00,9,  -999.00,9,  -999.00,9,  -999.00,9,   -999.0,9,   -999.0,9
  45CE20110103, AR07E,    14,  1,      9,2,20110105,1112, 52.9990, -14.9074, 1005,    715.6,   9.6331,  35.3598,2,  35.3620,2,    214.2,2,    205.3,2,     7.88,2,    17.99,2,     0.01,2,     1.04,2,   -999.0,9,   -999.0,9
  45CE20110103, AR07E,    14,  1,      7,2,20110105,1112, 52.9990, -14.9074, 1005,    745.6,   9.7152,  35.4242,2,  35.4380,2,    214.4,2,    194.0,2,     8.00,2,    17.50,2,     0.01,2,     1.05,2,   -999.0,9,   -999.0,9
  45CE20110103, AR07E,    14,  1,      4,2,20110105,1112, 52.9990, -14.9074, 1005,    871.5,   8.7272,  35.4166,2,  35.4200,2,    211.4,2,    197.5,2,     9.62,2,    17.99,2,     0.01,2,     1.13,2,   -999.0,9,   -999.0,9
  45CE20110103, AR07E,    14,  1,      1,2,20110105,1112, 52.9990, -14.9074, 1005,    999.7,   8.0413,  35.3823,2,  35.3850,2,    215.7,2,    206.0,2,    10.16,2,    17.94,2,     0.01,2,     1.14,2,   -999.0,9,   -999.0,9
  45CE20110103, AR07E,    15,  1,     17,2,20110105,1233, 53.0010, -14.9598, 1233,      2.9,  11.5702,  35.5675,2,  35.5710,2,    257.2,2,   -999.0,9,     2.73,2,     8.55,2,     0.01,2,     0.51,2,   -999.0,9,   -999.0,9
  45CE20110103, AR07E,    15,  1,     15,2,20110105,1233, 53.0010, -14.9598, 1233,    201.5,  11.5980,  35.5677,2,  35.5700,2,    252.9,2,    256.7,2,     2.77,2,     8.81,2,     0.01,2,     0.51,2,   -999.0,9,   -999.0,9
  45CE20110103, AR07E,    15,  1,     13,2,20110105,1233, 53.0010, -14.9598, 1233,    325.3,  11.0911,  35.4847,2,  35.4870,2,    248.3,2,    241.4,2,     3.46,2,    10.41,2,     0.01,2,     0.62,2,   -999.0,9,   -999.0,9
  45CE20110103, AR07E,    15,  1,     11,2,20110105,1233, 53.0010, -14.9598, 1233,    550.0,  10.9098,  35.5231,2,  35.5290,2,    246.1,2,    247.6,2,     4.03,2,    11.30,2,     0.01,2,     0.63,2,   -999.0,9,   -999.0,9
  45CE20110103, AR07E,    15,  1,      9,2,20110105,1233, 53.0010, -14.9598, 1233,    775.1,   8.9946,  35.3034,2,  35.3040,2,    209.9,2,    249.3,3,     9.13,2,    18.57,2,     0.01,2,     1.09,2,   -999.0,9,   -999.0,9
  45CE20110103, AR07E,    15,  1,      7,2,20110105,1233, 53.0010, -14.9598, 1233,    853.8,   8.7348,  35.3779,2,-999.0000,9,    210.7,2,    245.8,3,     4.40,3,    15.39,2,     0.01,2,     0.72,3,   -999.0,9,   -999.0,9
  45CE20110103, AR07E,    15,  1,      4,2,20110105,1233, 53.0010, -14.9598, 1233,   1122.5,   5.7995,  35.0774,2,  35.0780,2,    238.3,2,    243.1,2,    10.41,2,    18.25,2,     0.04,2,     1.06,2,   -999.0,9,   -999.0,9
  45CE20110103, AR07E,    15,  1,      1,2,20110105,1233, 53.0010, -14.9598, 1233,   1244.9,   5.0569,  35.0312,2,  35.0340,2,    248.1,2,    199.4,3,  -999.00,9,  -999.00,9,  -999.00,9,  -999.00,9,   -999.0,9,   -999.0,9
  45CE20110103, AR07E,    16,  1,     18,2,20110105,1400, 53.0020, -14.9876, 1496,      1.8,  11.6328,  35.5748,2,  35.5760,2,    254.5,2,    255.0,2,     2.86,2,     8.45,2,     0.04,2,     0.48,2,   -999.0,9,   -999.0,9
  45CE20110103, AR07E,    16,  1,     15,2,20110105,1400, 53.0020, -14.9876, 1496,    200.6,  11.4498,  35.5563,2,  35.5550,2,    253.3,2,    258.1,2,     2.95,2,     9.00,2,     0.01,2,     0.52,2,   -999.0,9,   -999.0,9
  45CE20110103, AR07E,    16,  1,     13,2,20110105,1400, 53.0020, -14.9876, 1496,    449.9,  10.9182,  35.4841,2,  35.4900,2,    246.6,2,    199.0,3,     3.82,2,    11.19,2,     0.01,2,     0.66,2,   -999.0,9,   -999.0,9
  45CE20110103, AR07E,    16,  1,     11,2,20110105,1400, 53.0020, -14.9876, 1496,    672.0,   9.9743,  35.4067,2,  35.4110,2,    217.1,2,   -999.0,9,     7.47,2,    16.13,2,     0.01,2,     1.01,2,   -999.0,9,   -999.0,9
  45CE20110103, AR07E,    16,  1,      9,2,20110105,1400, 53.0020, -14.9876, 1496,    823.2,   8.6661,  35.3213,2,  35.3210,2,    209.9,2,    206.6,2,     9.67,2,    19.07,2,     0.01,2,     1.08,2,   -999.0,9,   -999.0,9
  45CE20110103, AR07E,    16,  1,      7,2,20110105,1400, 53.0020, -14.9876, 1496,    899.5,   8.3932,  35.3667,2,  35.3710,2,    212.8,2,    204.5,2,    10.21,2,    17.75,2,     0.01,2,     1.18,2,   -999.0,9,   -999.0,9
  45CE20110103, AR07E,    16,  1,      4,2,20110105,1400, 53.0020, -14.9876, 1496,   1199.0,   5.3996,  35.0536,2,  35.0590,2,    243.8,2,    230.9,2,    10.26,2,    19.40,2,     0.01,2,     1.14,2,   -999.0,9,   -999.0,9
  45CE20110103, AR07E,    16,  1,      1,2,20110105,1400, 53.0020, -14.9876, 1496,   1490.4,   4.1499,  34.9474,2,  34.9510,2,    260.5,2,    266.9,2,    10.67,2,    18.91,2,     0.01,2,     1.06,2,   -999.0,9,   -999.0,9
  45CE20110103, AR07E,    17,  1,     16,2,20110105,1544, 53.0010, -15.0786, 2000,      3.6,  11.4549,  35.5505,2,  35.5510,2,    252.1,2,    259.8,2,     2.97,2,     8.50,2,     0.04,2,     0.52,2,   -999.0,9,   -999.0,9
  45CE20110103, AR07E,    17,  1,     13,2,20110105,1544, 53.0010, -15.0786, 2000,    499.5,  10.9222,  35.5281,2,  35.5290,2,    247.6,2,    254.3,2,     3.78,2,    10.80,2,     0.01,2,     0.66,2,   -999.0,9,   -999.0,9
  45CE20110103, AR07E,    17,  1,     11,2,20110105,1544, 53.0010, -15.0786, 2000,    666.1,   9.6609,  35.3608,2,  35.3540,2,    212.9,2,    201.4,2,     8.17,2,    17.14,2,     0.01,2,     1.04,2,   -999.0,9,   -999.0,9
  45CE20110103, AR07E,    17,  1,      9,2,20110105,1544, 53.0010, -15.0786, 2000,    910.0,   8.1487,  35.3413,2,  35.3440,2,    212.9,2,    203.1,2,     9.97,2,    16.38,2,     0.01,2,     1.11,2,   -999.0,9,   -999.0,9
  45CE20110103, AR07E,    17,  1,      7,2,20110105,1544, 53.0010, -15.0786, 2000,   1301.3,   5.0123,  35.0213,2,  35.0230,2,    248.4,2,    253.2,2,    10.37,2,    18.12,2,     0.01,2,     1.10,2,   -999.0,9,   -999.0,9
  45CE20110103, AR07E,    17,  1,      4,2,20110105,1544, 53.0010, -15.0786, 2000,   1685.9,   3.6198,  34.9214,2,  34.9250,2,    263.9,2,    283.4,2,    12.32,2,    17.38,2,     0.01,2,     1.10,2,   -999.0,9,   -999.0,9
  45CE20110103, AR07E,    17,  1,      1,2,20110105,1544, 53.0010, -15.0786, 2000,   1987.5,   3.2538,  34.9183,2,  34.9200,2,    264.8,2,    272.9,2,    14.58,2,    18.13,2,     0.01,2,     1.15,2,   -999.0,9,   -999.0,9
  45CE20110103, AR07E,    18,  1,     22,2,20110105,1900, 52.9990, -15.5193, 3005,      5.9,  11.7561,  35.5866,2,  35.5880,2,    251.8,2,    258.3,2,     2.69,2,     7.97,2,     0.04,2,     0.43,2,   2123.1,2,   2337.9,2
  45CE20110103, AR07E,    18,  1,     21,2,20110105,1900, 52.9990, -15.5193, 3005,    200.2,  11.6144,  35.5644,2,-999.0000,9,    249.7,2,   -999.0,9,     2.99,2,     8.58,2,     0.04,2,     0.47,2,   -999.0,9,   -999.0,9
  45CE20110103, AR07E,    18,  1,     18,2,20110105,1900, 52.9990, -15.5193, 3005,    400.0,  11.0861,  35.5218,2,  35.5230,2,    244.3,2,    247.9,2,     3.87,2,    10.81,2,     0.01,2,     0.60,2,   -999.0,9,   -999.0,9
  45CE20110103, AR07E,    18,  1,     16,2,20110105,1900, 52.9990, -15.5193, 3005,    698.3,   9.7650,  35.4019,2,  35.4070,2,    215.5,2,    207.1,2,     7.80,2,    17.17,2,     0.01,2,     0.92,2,   -999.0,9,   -999.0,9
  45CE20110103, AR07E,    18,  1,     13,2,20110105,1900, 52.9990, -15.5193, 3005,    996.2,   7.1394,  35.2151,2,  35.2200,2,    224.4,2,    218.3,2,    10.33,2,    18.42,2,     0.04,2,     1.12,2,   -999.0,9,   -999.0,9
  45CE20110103, AR07E,    18,  1,     11,2,20110105,1900, 52.9990, -15.5193, 3005,   1249.3,   5.3489,  35.0714,2,-999.0000,9,    244.1,2,   -999.0,9,    10.85,2,    17.56,2,     0.01,2,     1.04,2,   -999.0,9,   -999.0,9
  45CE20110103, AR07E,    18,  1,      9,2,20110105,1900, 52.9990, -15.5193, 3005,   1502.4,   4.1844,  34.9388,2,  34.9240,2,    261.5,2,    270.8,2,    10.44,2,    18.74,2,     0.01,2,     1.02,2,   -999.0,9,   -999.0,9
  45CE20110103, AR07E,    18,  1,      7,2,20110105,1900, 52.9990, -15.5193, 3005,   2000.6,   3.5509,  34.9106,2,  34.9120,2,    267.7,2,    284.9,2,    11.68,2,    18.78,2,     0.01,2,     1.01,2,   -999.0,9,   -999.0,9
  45CE20110103, AR07E,    18,  1,      4,2,20110105,1900, 52.9990, -15.5193, 3005,   2498.0,   3.1667,  34.9234,2,  34.9250,2,    266.4,2,    274.2,2,    15.50,2,    18.50,2,     0.01,2,     1.02,2,   -999.0,9,   -999.0,9
  45CE20110103, AR07E,    18,  1,      1,2,20110105,1900, 52.9990, -15.5193, 3005,   2999.6,   2.5913,  34.9212,2,  34.9250,2,    248.4,2,    248.7,2,    34.64,2,    22.31,2,     0.04,2,     1.36,2,   -999.0,9,   -999.0,9
  45CE20110103, AR07E,    19,  1,     23,2,20110106,0000, 53.2310, -15.9313, 3250,      7.2,  11.6722,  35.5606,2,  35.5630,2,    252.7,2,    255.9,2,     2.68,2,     7.80,2,     0.04,2,     0.44,2,   -999.0,9,   -999.0,9
  45CE20110103, AR07E,    19,  1,     21,2,20110106,0000, 53.2310, -15.9313, 3250,    198.9,  11.7675,  35.5876,2,  35.5890,2,    251.5,2,    253.8,2,     2.77,2,     8.22,2,     0.04,2,     0.43,2,   -999.0,9,   -999.0,9
  45CE20110103, AR07E,    19,  1,     19,2,20110106,0000, 53.2310, -15.9313, 3250,    498.1,  10.8795,  35.5204,2,  35.5220,2,    244.4,2,    245.5,2,     4.16,2,    12.25,2,     0.04,2,     0.68,2,   -999.0,9,   -999.0,9
  45CE20110103, AR07E,    19,  1,     16,2,20110106,0000, 53.2310, -15.9313, 3250,    749.7,   8.3960,  35.2346,2,  35.2330,2,    211.2,2,    183.3,2,     9.87,2,    19.35,2,     0.04,2,     1.13,2,   -999.0,9,   -999.0,9
  45CE20110103, AR07E,    19,  1,     13,2,20110106,0000, 53.2310, -15.9313, 3250,   1000.0,   6.7092,  35.2159,2,  35.2200,2,    228.2,2,    215.8,2,    10.39,2,    19.39,2,     0.01,2,     1.04,2,   -999.0,9,   -999.0,9
  45CE20110103, AR07E,    19,  1,     11,2,20110106,0000, 53.2310, -15.9313, 3250,   1248.0,   4.4304,  34.9315,2,  34.9350,2,    259.6,2,    264.0,2,     9.77,2,    17.85,2,     0.01,2,     1.02,2,   -999.0,9,   -999.0,9
  45CE20110103, AR07E,    19,  1,      9,2,20110106,0000, 53.2310, -15.9313, 3250,   1499.5,   4.1359,  34.9409,2,  34.9450,2,    261.8,2,    256.0,2,    10.53,2,    17.28,2,     0.01,2,     1.01,2,   -999.0,9,   -999.0,9
  45CE20110103, AR07E,    19,  1,      7,2,20110106,0000, 53.2310, -15.9313, 3250,   1997.0,   3.5775,  34.9153,2,  34.9160,2,    267.1,2,    249.7,2,    12.03,2,    18.54,2,     0.01,2,     1.00,2,   -999.0,9,   -999.0,9
  45CE20110103, AR07E,    19,  1,      4,2,20110106,0000, 53.2310, -15.9313, 3250,   2503.0,   3.1307,  34.9248,2,  34.9280,2,    268.3,2,    269.7,2,    14.40,2,    17.39,2,     0.04,2,     1.07,2,   -999.0,9,   -999.0,9
  45CE20110103, AR07E,    19,  1,      1,2,20110106,0000, 53.2310, -15.9313, 3250,   3245.2,   2.4407,  34.9064,2,  34.9080,2,    245.6,2,    258.1,2,    40.57,2,    23.06,2,     0.01,2,     1.41,2,   -999.0,9,   -999.0,9
  45CE20110103, AR07E,    20,  1,     24,2,20110106,0441, 53.4590, -16.2460, 3000,      4.9,  11.6891,  35.5724,2,  35.5750,2,    252.2,2,    260.8,2,     2.56,2,     8.33,2,     0.01,2,     0.46,2,   -999.0,9,   -999.0,9
  45CE20110103, AR07E,    20,  1,     22,2,20110106,0441, 53.4590, -16.2460, 3000,    203.1,  10.9017,  35.4653,2,  35.4680,2,    251.7,2,    260.1,2,     3.44,2,    10.47,2,     0.01,2,     0.61,2,   -999.0,9,   -999.0,9
  45CE20110103, AR07E,    20,  1,     20,2,20110106,0441, 53.4590, -16.2460, 3000,    500.2,  10.2714,  35.4172,2,  35.4190,2,    232.1,2,    231.2,2,     5.63,2,    14.51,2,     0.01,2,     0.86,2,   -999.0,9,   -999.0,9
  45CE20110103, AR07E,    20,  1,     18,2,20110106,0441, 53.4590, -16.2460, 3000,    750.3,   8.1596,  35.2515,2,  35.2560,2,    211.9,2,    202.2,2,    10.29,2,    18.61,2,     0.01,2,     1.17,2,   -999.0,9,   -999.0,9
  45CE20110103, AR07E,    20,  1,     16,2,20110106,0441, 53.4590, -16.2460, 3000,   1000.1,   6.2954,  35.1455,2,  35.1510,2,    232.2,2,    230.0,2,    10.76,2,    18.32,2,     0.01,2,     1.13,2,   -999.0,9,   -999.0,9
  45CE20110103, AR07E,    20,  1,     13,2,20110106,0441, 53.4590, -16.2460, 3000,   1246.5,   4.7987,  34.9914,2,  34.9960,2,    251.9,2,    258.2,2,    10.31,2,    17.31,2,     0.01,2,     1.15,2,   -999.0,9,   -999.0,9
  45CE20110103, AR07E,    20,  1,     11,2,20110106,0441, 53.4590, -16.2460, 3000,   1499.2,   4.1276,  34.9395,2,  34.9420,2,    262.2,2,    271.0,2,    10.59,2,    17.09,2,     0.01,2,     1.09,2,   -999.0,9,   -999.0,9
  45CE20110103, AR07E,    20,  1,      9,2,20110106,0441, 53.4590, -16.2460, 3000,   1749.8,   3.8400,  34.9304,2,  34.9330,2,    264.3,2,    285.3,2,  -999.00,9,  -999.00,9,  -999.00,9,  -999.00,9,   -999.0,9,   -999.0,9
  45CE20110103, AR07E,    20,  1,      7,2,20110106,0441, 53.4590, -16.2460, 3000,   2001.0,   3.5377,  34.9277,2,  34.9300,2,    265.1,2,    274.2,2,    13.72,2,    17.86,2,     0.01,2,     1.09,2,   -999.0,9,   -999.0,9
  45CE20110103, AR07E,    20,  1,      4,2,20110106,0441, 53.4590, -16.2460, 3000,   2502.2,   2.9640,  34.9336,2,  34.9350,2,    260.1,2,    268.6,2,    21.54,2,    17.54,2,     0.01,2,     1.20,2,   -999.0,9,   -999.0,9
  45CE20110103, AR07E,    20,  1,      1,2,20110106,0441, 53.4590, -16.2460, 3000,   2985.2,   2.4506,  34.9093,2,  34.9130,2,    245.2,2,    245.3,2,    41.84,2,    22.52,2,     0.01,2,  -999.00,9,   -999.0,9,   -999.0,9
  45CE20110103, AR07E,    21,  1,     18,2,20110106,0924, 53.6900, -16.5916, 2446,      6.9,  11.0828,  35.4929,2,  35.4930,2,    252.6,2,    260.7,2,     3.25,2,     9.23,2,     0.04,2,     0.53,2,   -999.0,9,   -999.0,9
  45CE20110103, AR07E,    21,  1,     16,2,20110106,0924, 53.6900, -16.5916, 2446,    201.0,  10.9372,  35.4699,2,  35.4720,2,    251.0,2,   -999.0,9,     3.31,2,     9.74,2,     0.04,2,     0.57,2,   -999.0,9,   -999.0,9
  45CE20110103, AR07E,    21,  1,     13,2,20110106,0924, 53.6900, -16.5916, 2446,    500.7,  10.2328,  35.4065,2,  35.4070,2,    237.3,2,    238.6,2,     5.20,2,    12.90,2,     0.01,2,     0.81,2,   -999.0,9,   -999.0,9
  45CE20110103, AR07E,    21,  1,     11,2,20110106,0924, 53.6900, -16.5916, 2446,    850.0,   7.2163,  35.1417,2,  35.1460,2,    219.8,2,    212.9,2,    10.22,2,    19.48,2,     0.01,2,     1.19,2,   -999.0,9,   -999.0,9
  45CE20110103, AR07E,    21,  1,      9,2,20110106,0924, 53.6900, -16.5916, 2446,   1199.8,   5.1835,  35.0462,2,  35.0440,2,    245.4,2,    258.1,2,    10.71,2,  -999.00,9,     0.01,2,     1.12,2,   -999.0,9,   -999.0,9
  45CE20110103, AR07E,    21,  1,      7,2,20110106,0924, 53.6900, -16.5916, 2446,   1502.2,   4.0945,  34.9440,2,  34.9460,2,    260.7,2,    270.9,2,    10.80,2,    17.94,2,     0.01,2,     1.11,2,   -999.0,9,   -999.0,9
  45CE20110103, AR07E,    21,  1,      4,2,20110106,0924, 53.6900, -16.5916, 2446,   2001.7,   3.4548,  34.9208,2,  34.9240,2,    264.0,2,    275.4,2,    13.31,2,    18.17,2,     0.01,2,     1.12,2,   -999.0,9,   -999.0,9
  45CE20110103, AR07E,    21,  1,      1,2,20110106,0924, 53.6900, -16.5916, 2446,   2437.1,   2.8646,  34.9283,2,  34.9320,2,    253.7,2,    262.3,2,    25.39,2,    19.03,2,     0.01,2,     1.26,2,   -999.0,9,   -999.0,9
  45CE20110103, AR07E,    22,  1,     18,2,20110106,1338, 53.9200, -16.9100, 1338,      3.2,  11.5850,  35.5462,2,  35.5480,2,    251.2,2,    243.9,2,     2.79,2,     8.56,2,     0.01,2,     0.49,2,   2127.0,2,   2334.3,2
  45CE20110103, AR07E,    22,  1,     16,2,20110106,1338, 53.9200, -16.9100, 1338,    202.0,  11.6184,  35.5452,2,-999.0000,9,    250.6,2,   -999.0,9,     2.86,2,     8.55,2,     0.01,2,     0.51,2,   -999.0,9,   -999.0,9
  45CE20110103, AR07E,    22,  1,     13,2,20110106,1338, 53.9200, -16.9100, 1338,    650.4,   8.5371,  35.1724,2,  35.1730,2,    210.9,2,   -999.0,9,     9.31,2,    18.87,2,     0.01,2,     1.17,2,   -999.0,9,   -999.0,9
  45CE20110103, AR07E,    22,  1,     11,2,20110106,1338, 53.9200, -16.9100, 1338,   1000.5,   6.1426,  35.1407,2,-999.0000,9,    233.1,2,   -999.0,9,    10.52,2,    20.21,2,     0.01,2,     1.19,2,   -999.0,9,   -999.0,9
  45CE20110103, AR07E,    22,  1,      9,2,20110106,1338, 53.9200, -16.9100, 1338,   1247.3,   4.5414,  34.9837,2,-999.0000,9,    254.5,2,   -999.0,9,    10.42,2,    16.68,2,     0.01,2,     1.15,2,   -999.0,9,   -999.0,9
  45CE20110103, AR07E,    22,  1,      7,2,20110106,1338, 53.9200, -16.9100, 1338,   1497.6,   3.8254,  34.9092,2,-999.0000,9,    265.0,2,   -999.0,9,    10.36,2,    16.83,2,     0.01,2,     1.12,2,   -999.0,9,   -999.0,9
  45CE20110103, AR07E,    22,  1,      4,2,20110106,1338, 53.9200, -16.9100, 1338,   1999.4,   3.3917,  34.9140,2,  34.9180,2,    265.1,2,   -999.0,9,    12.85,2,    17.85,2,     0.01,2,     1.14,2,   -999.0,9,   -999.0,9
  45CE20110103, AR07E,    22,  1,      1,2,20110106,1338, 53.9200, -16.9100, 1338,   2377.0,   2.8691,  34.9304,2,  34.9380,2,    254.2,2,   -999.0,9,    24.74,2,    20.35,2,     0.01,2,     1.27,2,   -999.0,9,   -999.0,9
  45CE20110103, AR07E,    23,  1,     18,2,20110106,1740, 54.1490, -17.2363, 2430,      3.8,  11.5795,  35.5513,2,  35.5520,2,    252.3,2,    259.7,2,     2.66,2,     7.79,2,     0.04,2,     0.48,2,   -999.0,9,   -999.0,9
  45CE20110103, AR07E,    23,  1,     16,2,20110106,1740, 54.1490, -17.2363, 2430,     80.7,  11.5645,  35.5436,2,  35.5440,2,    251.5,2,    258.6,2,     2.77,2,     8.18,2,     0.04,2,     0.49,2,   -999.0,9,   -999.0,9
  45CE20110103, AR07E,    23,  1,     13,2,20110106,1740, 54.1490, -17.2363, 2430,    200.0,  10.6372,  35.4419,2,  35.4420,2,    253.8,2,    262.1,2,     3.19,2,     9.45,2,     0.01,2,     0.59,2,   -999.0,9,   -999.0,9
  45CE20110103, AR07E,    23,  1,     11,2,20110106,1740, 54.1490, -17.2363, 2430,    425.5,  10.0508,  35.3650,2,  35.3670,2,    234.2,2,    233.5,2,     5.37,2,    13.00,2,     0.01,2,     0.81,2,   -999.0,9,   -999.0,9
  45CE20110103, AR07E,    23,  1,      9,2,20110106,1740, 54.1490, -17.2363, 2430,    747.7,   7.6367,  35.1952,2,  35.1900,2,    217.2,2,    209.2,2,     9.50,2,    18.61,2,     0.01,2,     1.13,2,   -999.0,9,   -999.0,9
  45CE20110103, AR07E,    23,  1,      7,2,20110106,1740, 54.1490, -17.2363, 2430,    999.6,   5.9014,  35.1091,2,  35.3120,4,    237.4,2,    210.3,3,     8.22,2,    17.91,2,     0.01,2,     1.05,2,   -999.0,9,   -999.0,9
  45CE20110103, AR07E,    23,  1,      4,2,20110106,1740, 54.1490, -17.2363, 2430,   1895.3,   3.6091,  34.9319,2,  34.9330,2,    263.8,2,    273.7,2,    12.76,2,    17.84,2,     0.01,2,     1.07,2,   -999.0,9,   -999.0,9
  45CE20110103, AR07E,    23,  1,      1,2,20110106,1740, 54.1490, -17.2363, 2430,   2401.2,   2.7586,  34.9278,2,  34.9310,2,    251.0,2,    260.7,2,    30.74,2,    21.03,2,     0.01,2,     1.27,2,   -999.0,9,   -999.0,9
  45CE20110103, AR07E,    24,  1,     16,2,20110106,2134, 54.3800, -17.5792, 1835,      4.7,  10.6412,  35.4564,2,  35.4580,2,    254.4,2,    262.5,2,     3.45,2,    10.64,2,     0.04,2,     0.61,2,   -999.0,9,   -999.0,9
  45CE20110103, AR07E,    24,  1,     13,2,20110106,2134, 54.3800, -17.5792, 1835,    201.1,  10.6725,  35.4531,2,  35.4570,2,    253.5,2,   -999.0,9,     3.33,2,     9.87,2,     0.01,2,     0.61,2,   -999.0,9,   -999.0,9
  45CE20110103, AR07E,    24,  1,     11,2,20110106,2134, 54.3800, -17.5792, 1835,    452.3,   9.6221,  35.3361,2,  35.3400,2,    224.3,2,   -999.0,9,     7.13,2,    16.13,2,     0.04,2,     0.96,2,   -999.0,9,   -999.0,9
  45CE20110103, AR07E,    24,  1,      9,2,20110106,2134, 54.3800, -17.5792, 1835,    800.9,   7.5488,  35.2446,2,-999.0000,9,    221.0,2,   -999.0,9,    10.07,2,    18.82,2,     0.04,2,     1.13,2,   -999.0,9,   -999.0,9
  45CE20110103, AR07E,    24,  1,      7,2,20110106,2134, 54.3800, -17.5792, 1835,   1000.3,   5.6095,  35.0912,2,-999.0000,9,    241.0,2,    248.7,2,     9.88,2,    19.35,2,     0.01,2,     1.09,2,   -999.0,9,   -999.0,9
  45CE20110103, AR07E,    24,  1,      4,2,20110106,2134, 54.3800, -17.5792, 1835,   1399.9,   4.0282,  34.9389,2,  34.9430,2,    262.2,2,   -999.0,9,    10.85,2,    18.24,2,     0.04,2,     1.11,2,   -999.0,9,   -999.0,9
  45CE20110103, AR07E,    24,  1,      1,2,20110106,2134, 54.3800, -17.5792, 1835,   1824.4,   3.4526,  34.9243,2,  34.9260,2,    263.8,2,    275.3,2,    13.69,2,    16.87,2,     0.01,2,     1.15,2,   -999.0,9,   -999.0,9
  45CE20110103, AR07E,    25,  1,     16,2,20110107,0100, 54.6100, -17.9013, 1338,      2.6,  10.7480,  35.4606,2,  35.4620,2,    252.9,2,   -999.0,9,     3.35,2,     9.62,2,     0.01,2,     0.60,2,   2130.2,2,   2331.6,2
  45CE20110103, AR07E,    25,  1,     13,2,20110107,0100, 54.6100, -17.9013, 1338,    200.4,  10.7157,  35.4586,2,-999.0000,9,    248.7,2,   -999.0,9,     3.70,2,    10.89,2,     0.04,2,     0.62,2,   -999.0,9,   -999.0,9
  45CE20110103, AR07E,    25,  1,     11,2,20110107,0100, 54.6100, -17.9013, 1338,    399.3,   9.9399,  35.3517,2,  35.3570,2,    230.1,2,   -999.0,9,     6.12,2,    13.95,2,     0.01,2,     0.89,2,   -999.0,9,   -999.0,9
  45CE20110103, AR07E,    25,  1,      9,2,20110107,0100, 54.6100, -17.9013, 1338,    599.7,   8.7967,  35.2970,2,  35.2980,2,    217.2,2,   -999.0,9,     8.84,2,    17.47,2,     0.01,2,     1.10,2,   -999.0,9,   -999.0,9
  45CE20110103, AR07E,    25,  1,      7,2,20110107,0100, 54.6100, -17.9013, 1338,    824.0,   7.5355,  35.2754,2,  35.2970,2,    218.6,2,   -999.0,9,    10.19,2,    18.97,2,     0.01,2,     1.20,2,   -999.0,9,   -999.0,9
  45CE20110103, AR07E,    25,  1,      4,2,20110107,0100, 54.6100, -17.9013, 1338,    999.6,   5.8585,  35.1148,2,  35.1170,2,    237.0,2,   -999.0,9,    10.52,2,    19.37,2,     0.01,2,     1.17,2,   -999.0,9,   -999.0,9
  45CE20110103, AR07E,    25,  1,      1,2,20110107,0100, 54.6100, -17.9013, 1338,   1333.4,   4.6507,  35.0152,2,  35.0180,2,    255.7,2,   -999.0,9,    10.18,2,    16.82,2,     0.01,2,     1.07,2,   -999.0,9,   -999.0,9
  45CE20110103, AR07E,    26,  1,      9,2,20110107,0400, 54.8500, -18.2505, 1065,      3.0,  10.7174,  35.4530,2,  35.4540,2,    253.6,2,    256.9,2,     3.40,2,    10.02,2,     0.01,2,     0.61,2,   -999.0,9,   -999.0,9
  45CE20110103, AR07E,    26,  1,      7,2,20110107,0400, 54.8500, -18.2505, 1065,    401.4,  10.1713,  35.4161,2,  35.4180,2,    235.2,2,    232.8,2,     5.33,2,    13.69,2,     0.01,2,     0.81,2,   -999.0,9,   -999.0,9
  45CE20110103, AR07E,    26,  1,      4,2,20110107,0400, 54.8500, -18.2505, 1065,    697.8,   8.7322,  35.3419,2,  35.3450,2,    213.2,2,    219.2,2,     9.23,2,    18.42,2,     0.01,2,     1.11,2,   -999.0,9,   -999.0,9
  45CE20110103, AR07E,    26,  1,      1,2,20110107,0400, 54.8500, -18.2505, 1065,   1063.8,   5.3930,  35.0739,2,  35.0760,2,    243.6,2,    243.7,2,    10.46,2,    17.43,2,     0.01,2,     1.12,2,   -999.0,9,   -999.0,9
  45CE20110103, AR07E,    27,  1,      9,2,20110107,1935, 56.0010, -15.0024,  295,      5.1,  10.2413,  35.4451,2,  35.4460,2,    262.5,2,    258.3,2,     3.75,2,    10.48,2,     0.04,2,     0.63,2,   -999.0,9,   -999.0,9
  45CE20110103, AR07E,    27,  1,      7,2,20110107,1935, 56.0010, -15.0024,  295,    100.2,  10.2669,  35.4425,2,-999.0000,9,    262.2,2,   -999.0,9,     3.76,2,    10.32,2,     0.04,2,     0.61,2,   -999.0,9,   -999.0,9
  45CE20110103, AR07E,    27,  1,      4,2,20110107,1935, 56.0010, -15.0024,  295,    251.3,   9.6911,  35.3866,2,-999.0000,9,    258.4,2,    256.8,2,     4.49,2,    11.70,2,     0.04,2,     0.71,2,   -999.0,9,   -999.0,9
  45CE20110103, AR07E,    27,  1,      1,2,20110107,1935, 56.0010, -15.0024,  295,    288.8,   9.6707,  35.3813,2,-999.0000,9,    260.8,2,   -999.0,9,     4.37,2,    12.00,2,     0.04,2,     0.69,2,   -999.0,9,   -999.0,9
  45CE20110103, AR07E,    28,  1,      4,2,20110107,2036, 55.9400, -14.8352,  506,      5.0,  10.3752,  35.4567,2,  35.4580,2,    262.6,2,   -999.0,9,     3.87,2,    10.56,2,     0.18,2,     0.59,2,   -999.0,9,   -999.0,9
  45CE20110103, AR07E,    28,  1,      1,2,20110107,2036, 55.9400, -14.8352,  506,    499.7,   9.4211,  35.3714,2,  35.3730,2,    236.2,2,   -999.0,9,     6.45,2,    14.07,2,     0.04,2,     0.82,2,   -999.0,9,   -999.0,9
  45CE20110103, AR07E,    29,  1,      9,2,20110107,2149, 55.9090, -14.7543,  841,      5.6,  10.6511,  35.4820,2,  35.4830,2,    259.4,2,    255.2,2,     3.56,2,    10.69,2,     0.01,2,     0.63,2,   -999.0,9,   -999.0,9
  45CE20110103, AR07E,    29,  1,      7,2,20110107,2149, 55.9090, -14.7543,  841,    321.1,  10.2314,  35.4362,2,-999.0000,9,    240.6,2,   -999.0,9,     5.03,2,    12.93,2,     0.01,2,     0.82,2,   -999.0,9,   -999.0,9
  45CE20110103, AR07E,    29,  1,      4,2,20110107,2149, 55.9090, -14.7543,  841,    520.4,   9.7218,  35.3901,2,-999.0000,9,    255.3,2,   -999.0,9,     4.53,2,    12.03,2,     0.04,2,     0.74,2,   -999.0,9,   -999.0,9
  45CE20110103, AR07E,    29,  1,      1,2,20110107,2149, 55.9090, -14.7543,  841,    835.6,   9.2608,  35.3576,2,-999.0000,9,    226.6,2,   -999.0,9,     7.32,2,    16.29,2,     0.04,2,     0.96,2,   -999.0,9,   -999.0,9
  45CE20110103, AR07E,    30,  1,     11,2,20110107,2304, 55.8910, -14.7092, 1004,      5.7,  10.5901,  35.4805,2,  35.4820,2,    261.3,2,   -999.0,9,     3.53,2,    10.74,2,     0.04,2,     0.57,2,   -999.0,9,   -999.0,9
  45CE20110103, AR07E,    30,  1,      9,2,20110107,2304, 55.8910, -14.7092, 1004,    248.2,  10.6214,  35.4807,2,-999.0000,9,    260.0,2,   -999.0,9,     3.53,2,    10.35,2,     0.04,2,     0.56,2,   -999.0,9,   -999.0,9
  45CE20110103, AR07E,    30,  1,      7,2,20110107,2304, 55.8910, -14.7092, 1004,    451.8,  10.1842,  35.4340,2,  35.4360,2,    236.4,2,   -999.0,9,     5.57,2,    13.01,2,     0.01,2,     0.79,2,   -999.0,9,   -999.0,9
  45CE20110103, AR07E,    30,  1,      4,2,20110107,2304, 55.8910, -14.7092, 1004,    852.7,   8.6522,  35.3694,2,  35.3770,2,    203.4,2,   -999.0,9,     9.66,2,    17.82,2,     0.01,2,     1.11,2,   -999.0,9,   -999.0,9
  45CE20110103, AR07E,    30,  1,      1,2,20110107,2304, 55.8910, -14.7092, 1004,    994.3,   7.6284,  35.2663,2,  35.2710,2,    216.4,2,   -999.0,9,    10.03,2,    17.49,2,     0.01,2,     1.07,2,   -999.0,9,   -999.0,9
  45CE20110103, AR07E,    31,  1,     13,2,20110108,0021, 55.8810, -14.6603, 1252,      5.6,  10.5968,  35.4788,2,  35.4820,2,    262.5,2,   -999.0,9,     3.34,2,     9.28,2,     0.04,2,     0.60,2,   -999.0,9,   -999.0,9
  45CE20110103, AR07E,    31,  1,     11,2,20110108,0021, 55.8810, -14.6603, 1252,    198.6,  10.6220,  35.4814,2,-999.0000,9,    261.5,2,   -999.0,9,     3.47,2,    10.42,2,     0.01,2,     0.62,2,   -999.0,9,   -999.0,9
  45CE20110103, AR07E,    31,  1,      9,2,20110108,0021, 55.8810, -14.6603, 1252,    401.4,  10.5431,  35.4651,2,-999.0000,9,    251.7,2,   -999.0,9,     4.04,2,    11.65,2,     0.01,2,     0.69,2,   -999.0,9,   -999.0,9
  45CE20110103, AR07E,    31,  1,      7,2,20110108,0021, 55.8810, -14.6603, 1252,    847.3,   8.3237,  35.2891,2,-999.0000,9,    216.4,2,   -999.0,9,     9.13,2,    18.38,2,     0.01,2,     1.13,2,   -999.0,9,   -999.0,9
  45CE20110103, AR07E,    31,  1,      4,2,20110108,0021, 55.8810, -14.6603, 1252,   1000.4,   6.8807,  35.1938,2,-999.0000,9,    231.2,2,   -999.0,9,     9.83,2,    19.45,2,     0.01,2,     1.12,2,   -999.0,9,   -999.0,9
  45CE20110103, AR07E,    31,  1,      1,2,20110108,0021, 55.8810, -14.6603, 1252,   1242.0,   5.5627,  35.1114,2,-999.0000,9,    254.7,2,   -999.0,9,     9.78,2,    17.59,2,     0.01,2,     1.05,2,   -999.0,9,   -999.0,9
  45CE20110103, AR07E,    32,  1,     15,2,20110108,0332, 55.8490, -14.6191, 1580,      6.5,  10.5941,  35.4836,2,  35.4830,2,    261.9,2,    260.8,2,     3.39,2,    10.03,2,     0.01,2,     0.56,2,   -999.0,9,   -999.0,9
  45CE20110103, AR07E,    32,  1,     13,2,20110108,0332, 55.8490, -14.6191, 1580,    200.2,  10.6291,  35.4843,2,  35.4850,2,    261.2,2,    262.5,2,     3.40,2,    10.15,2,     0.04,2,     0.59,2,   -999.0,9,   -999.0,9
  45CE20110103, AR07E,    32,  1,     11,2,20110108,0332, 55.8490, -14.6191, 1580,    502.6,   9.9328,  35.3892,2,  35.3920,2,    261.5,2,    260.1,2,     3.96,2,    11.11,2,     0.01,2,     0.64,2,   -999.0,9,   -999.0,9
  45CE20110103, AR07E,    32,  1,      9,2,20110108,0332, 55.8490, -14.6191, 1580,    749.5,   9.2592,  35.3552,2,  35.3590,2,    228.4,2,    226.4,2,     7.16,2,    14.46,2,     0.01,2,     0.82,2,   -999.0,9,   -999.0,9
  45CE20110103, AR07E,    32,  1,      7,2,20110108,0332, 55.8490, -14.6191, 1580,    998.9,   6.7878,  35.1880,2,  35.1930,2,    232.1,2,    228.5,2,     9.87,2,    18.28,2,     0.01,2,     1.08,2,   -999.0,9,   -999.0,9
  45CE20110103, AR07E,    32,  1,      4,2,20110108,0332, 55.8490, -14.6191, 1580,   1247.6,   5.3373,  35.0821,2,-999.0000,9,    254.6,2,    254.0,2,    10.13,2,    17.28,2,     0.01,2,     1.05,2,   -999.0,9,   -999.0,9
  45CE20110103, AR07E,    32,  1,      1,2,20110108,0332, 55.8490, -14.6191, 1580,   1582.0,   4.4375,  35.0203,2,  35.0250,2,    267.0,2,    266.9,2,    10.90,2,    17.16,2,     0.01,2,     1.04,2,   -999.0,9,   -999.0,9
  45CE20110103, AR07E,    33,  1,     16,2,20110108,0540, 55.7910, -14.4331, 1986,      6.5,  10.5711,  35.4752,2,  35.4780,2,    261.1,2,   -999.0,9,     3.49,2,    10.32,2,     0.01,2,     0.59,2,   -999.0,9,   -999.0,9
  45CE20110103, AR07E,    33,  1,     13,2,20110108,0540, 55.7910, -14.4331, 1986,    200.8,  10.6201,  35.4835,2,-999.0000,9,    261.0,2,   -999.0,9,     3.47,2,     9.99,2,     0.04,2,     0.60,2,   -999.0,9,   -999.0,9
  45CE20110103, AR07E,    33,  1,     11,2,20110108,0540, 55.7910, -14.4331, 1986,    503.0,  10.1542,  35.4320,2,-999.0000,9,    238.8,2,   -999.0,9,     5.48,2,    13.32,2,     0.04,2,     0.79,2,   -999.0,9,   -999.0,9
  45CE20110103, AR07E,    33,  1,      9,2,20110108,0540, 55.7910, -14.4331, 1986,    750.1,   8.8584,  35.3284,2,-999.0000,9,    219.9,2,   -999.0,9,     8.21,2,    15.77,2,     0.01,2,     1.02,2,   -999.0,9,   -999.0,9
  45CE20110103, AR07E,    33,  1,      7,2,20110108,0540, 55.7910, -14.4331, 1986,   1001.6,   7.2563,  35.2553,2,-999.0000,9,    218.1,2,   -999.0,9,    10.42,2,    18.84,2,     0.01,2,     1.14,2,   -999.0,9,   -999.0,9
  45CE20110103, AR07E,    33,  1,      4,2,20110108,0540, 55.7910, -14.4331, 1986,   1487.8,   4.4604,  35.0193,2,-999.0000,9,    267.6,2,   -999.0,9,    10.72,2,    17.11,2,     0.01,2,     1.05,2,   -999.0,9,   -999.0,9
  45CE20110103, AR07E,    33,  1,      1,2,20110108,0540, 55.7910, -14.4331, 1986,   1975.4,   3.4658,  34.9309,2,-999.0000,9,    269.1,2,   -999.0,9,    15.06,2,    18.09,2,     0.01,2,     1.12,2,   -999.0,9,   -999.0,9
  45CE20110103, AR07E,    34,  1,     16,2,20110108,0936, 55.5910, -13.9387, 2590,      3.7,  10.7083,  35.4838,2,  35.4880,2,    258.8,2,    254.4,2,     3.46,2,    10.16,2,     0.04,2,     0.59,2,   -999.0,9,   -999.0,9
  45CE20110103, AR07E,    34,  1,     13,2,20110108,0936, 55.5910, -13.9387, 2590,    400.6,  10.5523,  35.4780,2,  35.4800,2,    260.8,2,    257.6,2,     3.34,2,    10.28,2,     0.01,2,     0.61,2,   -999.0,9,   -999.0,9
  45CE20110103, AR07E,    34,  1,     11,2,20110108,0936, 55.5910, -13.9387, 2590,    803.3,   8.7078,  35.3224,2,  35.3230,2,    209.3,2,   -999.0,9,     9.14,2,    18.42,2,     0.01,2,     1.11,2,   -999.0,9,   -999.0,9
  45CE20110103, AR07E,    34,  1,      9,2,20110108,0936, 55.5910, -13.9387, 2590,   1199.4,   5.7643,  35.1043,2,  35.1050,2,    240.0,2,   -999.0,9,    10.83,2,    18.45,2,     0.04,2,     1.14,2,   -999.0,9,   -999.0,9
  45CE20110103, AR07E,    34,  1,      7,2,20110108,0936, 55.5910, -13.9387, 2590,   1874.1,   3.8456,  34.9692,2,  34.9730,2,    269.0,2,    266.5,2,    13.46,2,    17.68,2,     0.01,2,     1.11,2,   -999.0,9,   -999.0,9
  45CE20110103, AR07E,    34,  1,      4,2,20110108,0936, 55.5910, -13.9387, 2590,   2199.8,   3.2441,  34.9189,2,  34.9220,2,    271.6,2,    282.0,2,    15.66,2,    17.42,2,     0.01,2,     1.17,2,   -999.0,9,   -999.0,9
  45CE20110103, AR07E,    34,  1,      1,2,20110108,0936, 55.5910, -13.9387, 2590,   2579.4,   2.7569,  34.9272,2,-999.0000,9,    250.9,2,   -999.0,9,    31.66,2,    21.10,2,     0.01,2,     1.37,2,   -999.0,9,   -999.0,9
  45CE20110103, AR07E,    35,  1,     18,2,20110108,1606, 55.3890, -13.4028, 2770,      6.3,  10.7505,  35.5066,2,  35.5090,2,    259.8,2,   -999.0,9,  -999.00,9,  -999.00,9,  -999.00,9,  -999.00,9,   -999.0,9,   -999.0,9
  45CE20110103, AR07E,    35,  1,     17,2,20110108,1606, 55.3890, -13.4028, 2770,    303.7,  10.5774,  35.4826,2,-999.0000,9,    259.0,2,   -999.0,9,  -999.00,9,  -999.00,9,  -999.00,9,  -999.00,9,   -999.0,9,   -999.0,9
  45CE20110103, AR07E,    35,  1,     13,2,20110108,1606, 55.3890, -13.4028, 2770,    598.4,  10.0120,  35.4381,2,-999.0000,9,    247.1,2,   -999.0,9,  -999.00,9,  -999.00,9,  -999.00,9,  -999.00,9,   -999.0,9,   -999.0,9
  45CE20110103, AR07E,    35,  1,     11,2,20110108,1606, 55.3890, -13.4028, 2770,    919.6,   8.6619,  35.3273,2,-999.0000,9,    213.6,2,   -999.0,9,  -999.00,9,  -999.00,9,  -999.00,9,  -999.00,9,   -999.0,9,   -999.0,9
  45CE20110103, AR07E,    35,  1,      9,2,20110108,1606, 55.3890, -13.4028, 2770,   1500.1,   4.6938,  34.9965,2,-999.0000,9,    257.7,2,   -999.0,9,  -999.00,9,  -999.00,9,  -999.00,9,  -999.00,9,   -999.0,9,   -999.0,9
  45CE20110103, AR07E,    35,  1,      7,2,20110108,1606, 55.3890, -13.4028, 2770,   1999.9,   3.5947,  34.9187,2,-999.0000,9,    271.6,2,   -999.0,9,  -999.00,9,  -999.00,9,  -999.00,9,  -999.00,9,   -999.0,9,   -999.0,9
  45CE20110103, AR07E,    35,  1,      4,2,20110108,1606, 55.3890, -13.4028, 2770,   2499.1,   3.1053,  34.9260,2,-999.0000,9,    266.9,2,   -999.0,9,  -999.00,9,    18.78,2,     0.04,2,     1.13,2,   -999.0,9,   -999.0,9
  45CE20110103, AR07E,    35,  1,      1,2,20110108,1606, 55.3890, -13.4028, 2770,   2736.2,   2.7688,  34.9280,2,-999.0000,9,    252.3,2,   -999.0,9,  -999.00,9,  -999.00,9,  -999.00,9,  -999.00,9,   -999.0,9,   -999.0,9
  45CE20110103, AR07E,    36,  1,     16,2,20110108,2028, 55.2010, -12.8960, 2880,      5.1,  10.3377,  35.4779,2,  35.4800,2,    263.8,2,    263.3,2,     3.60,2,    11.23,2,     0.04,2,     0.63,2,   -999.0,9,   -999.0,9
  45CE20110103, AR07E,    36,  1,     13,2,20110108,2028, 55.2010, -12.8960, 2880,    289.4,  10.3349,  35.4762,2,  35.4780,2,    261.5,2,    260.4,2,     3.67,2,    10.73,2,     0.01,2,     0.67,2,   -999.0,9,   -999.0,9
  45CE20110103, AR07E,    36,  1,     11,2,20110108,2028, 55.2010, -12.8960, 2880,    801.9,  10.2757,  35.4680,2,  35.4700,2,    258.1,2,    258.6,2,     4.17,2,    12.22,2,     0.04,2,     0.68,2,   -999.0,9,   -999.0,9
  45CE20110103, AR07E,    36,  1,      9,2,20110108,2028, 55.2010, -12.8960, 2880,   1203.8,   8.1292,  35.2800,2,  35.2840,2,    213.5,2,   -999.0,9,     9.77,2,    18.56,2,     0.04,2,     1.10,2,   -999.0,9,   -999.0,9
  45CE20110103, AR07E,    36,  1,      7,2,20110108,2028, 55.2010, -12.8960, 2880,   1798.1,   4.1714,  34.9501,2,  34.9540,2,    265.6,2,    264.7,2,  -999.00,9,  -999.00,9,     0.01,2,  -999.00,9,   -999.0,9,   -999.0,9
  45CE20110103, AR07E,    36,  1,      4,2,20110108,2028, 55.2010, -12.8960, 2880,   2201.3,   3.4949,  34.9157,2,  34.9200,2,    272.3,2,    271.9,2,    13.24,2,    17.35,2,     0.04,2,     1.10,2,   -999.0,9,   -999.0,9
  45CE20110103, AR07E,    36,  1,      1,2,20110108,2028, 55.2010, -12.8960, 2880,   2876.8,   2.6933,  34.9245,2,  34.9270,2,    248.1,2,    246.6,2,    33.72,2,    21.18,2,     0.04,2,     1.35,2,   -999.0,9,   -999.0,9
  45CE20110103, AR07E,    38,  1,     18,2,20110109,0515, 54.8110, -11.8903, 2860,      4.5,  10.6014,  35.4833,2,  35.4830,2,    260.4,2,    258.6,2,     3.27,2,     9.59,2,     0.04,2,     0.59,2,   -999.0,9,   -999.0,9
  45CE20110103, AR07E,    38,  1,     16,2,20110109,0515, 54.8110, -11.8903, 2860,    197.8,  10.5595,  35.4764,2,  35.4770,2,    255.6,2,    253.4,2,     3.67,2,     9.93,2,     0.01,2,     0.63,2,   -999.0,9,   -999.0,9
  45CE20110103, AR07E,    38,  1,     13,2,20110109,0515, 54.8110, -11.8903, 2860,    400.6,  10.2192,  35.4350,2,  35.4360,2,    237.2,2,    234.0,2,     5.10,2,    12.42,2,     0.01,2,     0.79,2,   -999.0,9,   -999.0,9
  45CE20110103, AR07E,    38,  1,     11,2,20110109,0515, 54.8110, -11.8903, 2860,    749.7,   9.6897,  35.4009,2,  35.4020,2,    241.2,2,    239.1,2,     5.52,2,    12.56,2,     0.01,2,     0.81,2,   -999.0,9,   -999.0,9
  45CE20110103, AR07E,    38,  1,      9,2,20110109,0515, 54.8110, -11.8903, 2860,    999.2,   8.2165,  35.3092,2,  35.3120,2,    209.6,2,   -999.0,9,     9.27,2,    18.97,2,     0.01,2,     1.09,2,   -999.0,9,   -999.0,9
  45CE20110103, AR07E,    38,  1,      7,2,20110109,0515, 54.8110, -11.8903, 2860,   1499.7,   4.6634,  34.9917,2,  34.9950,2,    257.5,2,    255.8,2,     9.96,2,    18.27,2,     0.01,2,     1.05,2,   -999.0,9,   -999.0,9
  45CE20110103, AR07E,    38,  1,      4,2,20110109,0515, 54.8110, -11.8903, 2860,   2499.8,   3.1305,  34.9247,2,  34.9260,2,    267.2,2,    266.3,2,    17.87,2,    18.81,2,     0.01,2,     1.14,2,   -999.0,9,   -999.0,9
  45CE20110103, AR07E,    38,  1,      1,2,20110109,0515, 54.8110, -11.8903, 2860,   2856.7,   2.6818,  34.9135,2,  34.9270,2,    248.2,2,    246.8,2,    32.36,2,    21.15,2,     0.01,2,     1.27,2,   -999.0,9,   -999.0,9
  45CE20110103, AR07E,    39,  1,     13,2,20110109,2022, 54.6000, -11.3400, 2020,      6.1,  10.4526,  35.4791,2,  35.4810,2,    260.8,2,   -999.0,9,     3.36,2,     9.65,2,     0.01,2,     0.61,2,   -999.0,9,   -999.0,9
  45CE20110103, AR07E,    39,  1,     11,2,20110109,2022, 54.6000, -11.3400, 2020,    300.7,  10.5117,  35.4792,2,-999.0000,9,    259.0,2,   -999.0,9,  -999.00,9,  -999.00,9,  -999.00,9,  -999.00,9,   -999.0,9,   -999.0,9
  45CE20110103, AR07E,    39,  1,      9,2,20110109,2022, 54.6000, -11.3400, 2020,    730.0,   9.4416,  35.3740,2,-999.0000,9,    219.3,2,   -999.0,9,  -999.00,9,  -999.00,9,  -999.00,9,  -999.00,9,   -999.0,9,   -999.0,9
  45CE20110103, AR07E,    39,  1,      7,2,20110109,2022, 54.6000, -11.3400, 2020,   1002.1,   7.4753,  35.2364,2,-999.0000,9,    217.6,2,   -999.0,9,  -999.00,9,  -999.00,9,  -999.00,9,  -999.00,9,   -999.0,9,   -999.0,9
  45CE20110103, AR07E,    39,  1,      4,2,20110109,2022, 54.6000, -11.3400, 2020,   1500.6,   4.4178,  34.9739,2,-999.0000,9,    261.2,2,   -999.0,9,  -999.00,9,  -999.00,9,  -999.00,9,  -999.00,9,   -999.0,9,   -999.0,9
  45CE20110103, AR07E,    39,  1,      1,2,20110109,2022, 54.6000, -11.3400, 2020,   2018.0,   3.3868,  34.9203,2,-999.0000,9,    269.6,2,   -999.0,9,  -999.00,9,  -999.00,9,  -999.00,9,  -999.00,9,   -999.0,9,   -999.0,9
  45CE20110103, AR07E,    40,  1,     16,2,20110109,2211, 54.5900, -11.3000, 1560,      4.7,  10.5032,  35.4808,2,  35.4830,2,    259.8,2,    266.9,2,  -999.00,9,  -999.00,9,  -999.00,9,  -999.00,9,   -999.0,9,   -999.0,9
  45CE20110103, AR07E,    40,  1,     13,2,20110109,2211, 54.5900, -11.3000, 1560,    201.6,  10.5165,  35.4797,2,  35.4820,2,    259.1,2,   -999.0,9,  -999.00,9,  -999.00,9,  -999.00,9,  -999.00,9,   -999.0,9,   -999.0,9
  45CE20110103, AR07E,    40,  1,     11,2,20110109,2211, 54.5900, -11.3000, 1560,    399.2,  10.3012,  35.4570,2,-999.0000,9,    246.3,2,    250.8,2,     4.75,2,    12.68,2,     0.04,2,     0.75,2,   -999.0,9,   -999.0,9
  45CE20110103, AR07E,    40,  1,      9,2,20110109,2211, 54.5900, -11.3000, 1560,    702.1,   9.6365,  35.3963,2,  35.3990,2,    241.3,2,    246.1,2,     5.47,2,    12.84,2,     0.01,2,     0.83,2,   -999.0,9,   -999.0,9
  45CE20110103, AR07E,    40,  1,      7,2,20110109,2211, 54.5900, -11.3000, 1560,    900.2,   8.2661,  35.2898,2,  35.3020,2,    212.6,2,   -999.0,9,     9.46,2,  -999.00,9,     0.04,2,     1.10,2,   -999.0,9,   -999.0,9
  45CE20110103, AR07E,    40,  1,      4,2,20110109,2211, 54.5900, -11.3000, 1560,   1203.4,   6.0379,  35.1270,2,  35.1310,2,    234.8,2,    238.3,2,  -999.00,9,  -999.00,9,  -999.00,9,  -999.00,9,   -999.0,9,   -999.0,9
  45CE20110103, AR07E,    40,  1,      1,2,20110109,2211, 54.5900, -11.3000, 1560,   1549.7,   4.0334,  34.9504,2,  34.9530,2,    264.8,2,    272.5,2,  -999.00,9,  -999.00,9,  -999.00,9,  -999.00,9,   -999.0,9,   -999.0,9
  45CE20110103, AR07E,    41,  1,     11,2,20110110,0005, 54.5500, -11.1906, 1025,      7.8,  10.4922,  35.4815,2,  35.4840,2,    259.1,2,   -999.0,9,     3.37,2,    10.22,2,     0.01,2,     0.64,2,   -999.0,9,   -999.0,9
  45CE20110103, AR07E,    41,  1,      9,2,20110110,0005, 54.5500, -11.1906, 1025,    201.0,  10.5153,  35.4808,2,-999.0000,9,    259.2,2,   -999.0,9,     3.45,2,    10.37,2,     0.01,2,     0.63,2,   -999.0,9,   -999.0,9
  45CE20110103, AR07E,    41,  1,      7,2,20110110,0005, 54.5500, -11.1906, 1025,    448.2,  10.3798,  35.4594,2,-999.0000,9,    248.6,2,   -999.0,9,     4.33,2,    11.69,2,     0.01,2,     0.72,2,   -999.0,9,   -999.0,9
  45CE20110103, AR07E,    41,  1,      4,2,20110110,0005, 54.5500, -11.1906, 1025,    698.8,   9.7172,  35.4039,2,-999.0000,9,    241.5,2,   -999.0,9,     5.68,2,    13.47,2,     0.01,2,     0.83,2,   -999.0,9,   -999.0,9
  45CE20110103, AR07E,    41,  1,      1,2,20110110,0005, 54.5500, -11.1906, 1025,   1023.6,   7.1958,  35.2253,2,-999.0000,9,    219.6,2,   -999.0,9,    10.11,2,    16.54,2,     0.04,2,     1.14,2,   -999.0,9,   -999.0,9
  45CE20110103, AR07E,    42,  1,     11,2,20110110,0123, 54.5210, -11.1290,  740,      5.2,  10.4983,  35.4827,2,  35.4840,2,    258.9,2,   -999.0,9,     3.48,2,    10.61,2,     0.04,2,     0.60,2,   -999.0,9,   -999.0,9
  45CE20110103, AR07E,    42,  1,      9,2,20110110,0123, 54.5210, -11.1290,  740,    198.6,  10.4888,  35.4789,2,  35.4810,2,    259.7,2,    258.1,2,     3.39,2,    10.21,2,     0.01,2,     0.62,2,   -999.0,9,   -999.0,9
  45CE20110103, AR07E,    42,  1,      7,2,20110110,0123, 54.5210, -11.1290,  740,    498.8,  10.5016,  35.4743,2,  35.4760,2,    257.9,2,    268.3,2,     3.46,2,    10.30,2,     0.01,2,     0.62,2,   -999.0,9,   -999.0,9
  45CE20110103, AR07E,    42,  1,      4,2,20110110,0123, 54.5210, -11.1290,  740,    600.1,  10.2558,  35.4524,2,  35.4550,2,    243.6,2,   -999.0,9,     4.77,2,    12.01,2,     0.01,2,     0.77,2,   -999.0,9,   -999.0,9
  45CE20110103, AR07E,    42,  1,      1,2,20110110,0123, 54.5210, -11.1290,  740,    738.6,   9.8193,  35.4156,2,  35.4180,2,    239.3,2,    237.5,2,     5.61,2,    13.69,2,     0.01,2,     0.81,2,   -999.0,9,   -999.0,9
  45CE20110103, AR07E,    43,  1,      7,2,20110110,0230, 54.4890, -11.0470,  409,      3.0,  10.4813,  35.4818,2,  35.4860,2,    259.7,2,   -999.0,9,     3.35,2,    10.00,2,     0.01,2,     0.62,2,   -999.0,9,   -999.0,9
  45CE20110103, AR07E,    43,  1,      4,2,20110110,0230, 54.4890, -11.0470,  409,    198.8,  10.4859,  35.4790,2,  35.4810,2,    258.9,2,   -999.0,9,     3.31,2,    10.08,2,     0.01,2,     0.62,2,   -999.0,9,   -999.0,9
  45CE20110103, AR07E,    43,  1,      1,2,20110110,0230, 54.4890, -11.0470,  409,    484.2,  10.3281,  35.4616,2,  35.4640,2,    243.5,2,   -999.0,9,     4.63,2,    11.74,2,     0.01,2,     0.74,2,   -999.0,9,   -999.0,9
  45CE20110103, AR07E,    44,  1,      4,2,20110110,0420, 54.3700, -10.7400,  262,      4.0,  10.4609,  35.4913,2,  35.4930,2,    259.0,2,   -999.0,9,     3.39,2,    10.48,2,     0.04,2,     0.57,2,   -999.0,9,   -999.0,9
  45CE20110103, AR07E,    44,  1,      1,2,20110110,0420, 54.3700, -10.7400,  262,    255.5,  10.4552,  35.5018,2,-999.0000,9,    260.5,2,   -999.0,9,     3.19,2,     9.65,2,     0.04,2,     0.58,2,   -999.0,9,   -999.0,9
END_DATA
